{
  "metadata": {
    "name": "FQWeb",
    "author": "GzN",
    "version": 1,
    "source": "https://fanqienovel.com/",
    "regexp": "(\\d+)[.](\\d+)[.](\\d+)[.](\\d+):9999/info(.*?)|localhost:9999/info(.*?)|api.api-fanqienovel.sunianyun.live/info(.*?)|list.fqapi.jilulu.cn/info(.*?)|fanqienovel.com/page/(\\d+)|fanqienovel.com/info(.*?)",
    "description": "FanqieWeb",
    "locale": "zh_CN",
    "language": "javascript",
    "type": "chinese_novel"
  },
  "script": {
    "home": "home.js",
    "detail": "detail.js",
    "genre": "genre.js",
    "toc": "toc.js",
    "search": "search.js",
    "chap": "chap.js"
  },
  "config": {
    "thread_num": 1,
    "delay": 3000
  }
}
