{
  "metadata": {
    "name": "Nhất Truyện SS",
    "author": "GzN",
    "version": 1,
    "source": "https://www.nhattruyenss.net/",
    "regexp": "(www.)?(nhattruyen.com|nettruyen.com|nettruyendie.com|nettruyentt.com|nettruyenvv.com|nettruyenssr.com|nettruyenmoi.com|nettruyencc.com|nettruyenco.com|nhattruyenss.net|nettruyenin.com|nettruyenon.com|nettruyentv.com)/(truyen-tranh|manga)/[^/]+/?$",
    "description": "Đọc truyện trên trang NhatTruyen",
    "locale": "vi_VN",
    "language": "javascript",
    "type": "comic"
  },
  "script": {
    "home": "home.js",
    "genre": "genre.js",
    "detail": "detail.js",
    "search": "search.js",
    "toc": "toc.js",
    "chap": "chap.js"
  }
}