{
  "metadata": {
    "name": "Fanqie",
    "author": "Noir",
    "version": 5,
    "source": "https://fanqienovel.com",
    "regexp": "api.api-fanqienovel.sunianyun.live/info(.*?)|list.fqapi.jilulu.cn/info(.*?)|fanqienovel.com/page/(\\d+)|fanqienovel.com/info(.*?)",
    "description": "Fanqie",
    "locale": "zh_CN",
    "language": "javascript",
    "type": "chinese_novel",
    "encrypt": true
  },
  "script": {
    "home": "home.js",
    "detail": "detail.js",
    "genre": "genre.js",
    "toc": "toc.js",
    "search": "search.js",
    "chap": "chap.js"
  }
}