{
  "metadata": {
    "name": "NetTruyenLL",
    "author": "GzN",
    "version": 1,
    "source": "https://nettruyenll.com",
    "regexp": "(www.)?nettruyenll.com/(manga|comic)/[^/]+/?$",
    "description": "Đọc truyện trên trang NetTruyenLL",
    "locale": "vi_VN",
    "language": "javascript",
    "type": "comic"
  },
  "script": {
    "home": "home.js",
    "genre": "genre.js",
    "detail": "detail.js",
    "search": "search.js",
    "toc": "toc.js",
    "chap": "chap.js"
  }
}