{
  "metadata": {
    "name": "Top Truyện VN",
    "author": "GzN",
    "version": 2,
    "source": "https://www.toptruyen68.pro/",
    "regexp": "(www\.)?(toptruyen68\.pro|toptruyenzz.pro|toptruyenqq\.pro|toptruyenvn\.pro|doctruyen3qx\.pro)/truyen-tranh/(.*?)/(.*?)",
    "description": "",
    "locale": "vi_VN",
    "language": "javascript",
    "type": "comic"
  },
  "script": {
    "home": "home.js",
    "detail": "detail.js",
    "toc": "toc.js",
    "genre": "genre.js",
    "search": "search.js",
    "chap": "chap.js"
  }
}